id,nome,sku,preco
629138,Kit Aparelho De Barbear Descartavel Gillette Prestobarba 3 Sens 4 Unidades,629138,25.99
628425,Lubrificante Íntimo K-Med Original 100g,628425,25.99
627526,Kit Loção Hidratante Nivea Milk Pele Seca a Extrasseca 2 Unidades de 400ml,627526,36.99
578525,Sabonete Líquido de Glicerina Johnson's Baby 400ml,578525,37.99
567337,Fio Dental Oral-B Expert Limpeza Profunda 2 Unidades,567337,39.19
548014,Absorvente Intimus Tripla Proteção Dia Suave Com Abas Fluxo Moderado 32 Unidades,548014,17.9
542725,Absorvente Always Noite Ultra Suave com Abas Fluxo Intenso 32 Unidades,542725,24.99
529346,Pasta de Dente Oral-B 3D White Branqueadora 3 Unidades de 70g,529346,16.99
515167,Loção para Pernas e Pés FleTop 200ml,515167,63.59
511102,Sabonete Líquido Dove Baby Hidratação Enriquecida Refil 180ml,511102,13.99
510890,Protetor Diário Carefree Todo Dia Sem Fragrância 80 Unidades,510890,24.69
387975,Absorvente Intimus Tripla Proteção Dia Suave Com Abas Fluxo Moderado 16 Unidades,387975,8.99
360201,Óleo Capilar Extraordinário Elseve L'Oréal Paris Tratamento Sublime Reconstrutor 100ml,360201,49.99
295710,Preservativo Prudence Lubrificado 8 Unidades,295710,11.29
290220,Escova Dental Curaprox Ultra Soft CS5460B Cores Sortidas,290220,42.99
288292,Absorvente Interno Intimus® Discreto Super 16 Unidades,288292,20.49
222011,Lubrificante Íntimo K-Med 2 Em 1 203g,222011,38.79
219789,Sabonete Líquido Íntimo Kronel 250ml,219789,32.79
204005,Fio Dental Johnson's Reach Expansion Plus Menta 50m,204005,13.99
195480,Loção Hidratante Corporal Nivea Milk Pele Seca e Extrasseca 400ml,195480,21.83
183130,Absorvente Externo Sempre Livre Adapt Cobertura Suave com Abas 16 Unidades,183130,10.09
165760,Lubrificante Íntimo K-Med 50g Gel,165760,16.09
68209,Fita Dental Johnson's Reach Expansion Plus 50m,68209,13.99
51853,Hastes Flexíveis Cotonetes 75 Unidades,51853,7.29
907081,Kit Paixão Dama de Prata Bridgerton Óleo Corporal + Loção Deo-Hidratante 100ml Cada,907081,29.99
906476,Condicionador Volume e Densidade Elseve Collagen Lifter L'Oréal Paris 200ml,906476,23.99
906425,Shampoo Encorpador para Volume L'Oréal Paris Elseve Collagen Lifter 200ml,906425,23.59
898392,Kit Protetor Solar Corporal Sundown FPS 50 Praia e Piscina 200ml + 100ml,898392,48.99
896888,Protetor Solar Facial Principia FPS 70 PS-05 Cobertura de Base Antioleosidade Com Cor 3.0 30ml Fluido,896888,48.99
896870,Protetor Solar Facial Principia FPS 70 PS-05 Cobertura de Base Antioleosidade Com Cor 2.0 30ml Fluido,896870,48.99
893552,Creme Hidratante Principia CH-01 5% Manteiga De Karité + 5% Glicerina + 2% Niacinamida com 50g,893552,39.0
886513,Creme Dental Colgate PerioGard 60g,886513,17.99
883530,Pasta de Dente Colgate Luminous White Glow Mint 2 Unidades de 70g,883530,32.79
883166,Aparelho Recarregável e Carga Para Depilar Gillette Vênus Pele Sensível 1 Unidade,883166,26.99
883131,Kit Pantene Antiqueda & Nutrição Biotinamina B3 Shampoo 300ml + Condicionador 150ml,883131,37.59
875198,Kit Creme Dental Colgate Sensitive Pro-Alívio Imediato Xtreme Temperatures 3 Unidades de 90g,875198,31.39
870331,Kit Protetor Solar Corporal Australian Gold FPS 30 120g + Leave-in Capilar Eudora Siàge Resgate Imediato 100ml,870331,79.99
868744,Kit Nivea Protetor Solar Facial FPS 60 Controle de Oleosidade 50g + Água Micelar Efeito Matte 200ml,868744,45.77
864668,Sabonete Líquido Íntimo Masculino Kronel Men 250ml,864668,33.99
862401,Kit Dove Bond Intense Repair Shampoo 350ml + Condicionador 150ml,862401,28.59
861162,Escova de Dente Kess Pro 6580 3 Unidades,861162,39.99
861111,Absorvente Ever Care Noturno com Abas 32 Unidades,861111,26.99
860816,Máscara Capilar Braé Stages Color Protect Mirtilo 200g,860816,75.99
860174,Creme Dental para Sensibilidade Elmex Sensitive Professional 2 Unidades De 110g,860174,48.59
855499,Máscara Capilar Vita Seiva Óleo de Rosa Mosqueta Regeneração Antioxidante 450g,855499,9.5
855308,Bálsamo Capilar Vita Seiva Hyalura Hidratação e Reconstrução 250g,855308,7.5
852414,Escova de Dente Infantil Oral-B Mickey Disney Junior 4 Unidades,852414,24.69
837113,Hidratante Corporal Vult Corpo Reparação Imediata 150ml,837113,21.33
497398,Absorvente Always Noite Seca com Abas 32 Unidades,497398,24.99
476455,Kit Sabonete Líquido Íntimo Dermacyd Delicata 200ml + 100ml,476455,34.38
474193,Pasta de Dente Parodontax Flúor 90g,474193,23.9
473855,Sabonete Líquido Íntimo Dermacyd Neutralize 200ml,473855,19.99
465100,Loção Desodorante Hidratante Vasenol Recuperação Intensiva Reparadora 200ml,465100,27.09
430838,Hastes Flexíveis Cotonetes 300 Unidades,430838,23.79
423866,Escova Dental Curaprox Ultra Soft Trio Especial Edition CS5460b 3 Unidades,423866,114.99
385948,Aparelho de Depilar Gillette Venus Extra Suave Sensitive 2 Unidades,385948,29.99
385034,Kit Sabonete Íntimo Dermafeme Floral 2 unidades de 200ml cada,385034,17.59
360325,Sabonete Em Barra Phebo Limão Siciliano 100g,360325,7.49
288284,Absorvente Interno Intimus® Discreto Médio 16 Unidades,288284,20.49
271683,Loção Hidratante Nivea Soft Milk - 400ml,271683,21.9
222470,Pasta de Dente Sensodyne Original Dentes Sensíveis 90g,222470,18.9
208949,Fio Dental Oral-B Expert Super Floss Fio Dental 50 Unidades,208949,30.19
203548,Protetor Diário Carefree Todo Dia Sem Fragrância 40 Unidades,203548,16.98
194247,Sabonete Líquido Íntimo Nivea Suave 250ml,194247,15.99
183377,Absorvente Interno Intimus® Discreto Médio 8 Unidades,183377,11.39
165514,Pomada para Assadura Babymed Pomada Rosa 45g,165514,11.9
145971,Sabonete Pom Pom Glicerina 70g,145971,4.73
145807,Pasta de Dente Infantil Colgate Tandy Morangostoso 50g,145807,8.99
134597,Creme Dental Colgate Total 12 Whitening 90g,134597,9.99
108618,"Hidratante Labial Nivea Nivea Original Care 4,8g",108618,16.99
108588,"Hidratante Labial Nivea Shine Morango Hidratação Prolongada 4,8g",108588,16.99
95249,Absorvente Geriátrico Adultcare 20 unidades,95249,22.39
89010,Fio Dental Oral-B Essential Floss 50m,89010,21.99
87300,"Protetor Solar Hidratante Labial Nivea Sun Protect Alta Proteção FPS 30 4,8g",87300,27.49
80900,Lenços de Papel Elite Softys C/ 50 Folhas,80900,8.59
73113,Sabonete Líquido Íntimo Dermacyd Femina 200ml,73113,19.99
41858,Sabonete Glicerina Granado 90g,41858,8.79
41580,Sabonete Sulfuroso Granado 90g,41580,11.59
33804,Minancora Pomada 30g,33804,20.09
28916,Loção Hidratante Corporal Nivea Milk Pele Seca a Extrasseca 200ml,28916,14.49
27537,Pasta de Dente Colgate Tripla Ação Menta Original 90g,27537,5.69
906450,Shampoo Encorpador para Volume L'Oréal Paris Elseve Collagen Lifter 400ml,906450,33.99
906433,Máscara de Tratamento Efeito Teia Elseve Collagen Lifter 300g,906433,43.99
906417,Creme para Pentear Volume Sem Frizz L'Oréal Paris Elseve Colágeno Lifter 250ml,906417,31.59
901490,Espuma para Limpeza das Pálpebras e Cílios Hiluropt Clean 80ml,901490,92.08
900753,Creme Dental Clareador Colgate Luminous White Color Correct 70g,900753,9.45
897205,Kit Shampoo 350ml + Condicionador 150ml Dove UV Repair & Glow + Ferúlico,897205,28.99
897060,Protetor Solar L'oréal Paris Solar Expertise FPS 70 Efeito Make-Up com Cor 2.0 30g,897060,52.99
897051,Protetor Solar Efeito Make-Up com Cor 3.0 FPS 70 L'oréal Paris Solar Expertise 30g,897051,52.99
896896,Protetor Solar Facial Principia FPS 70 PS-05 Cobertura de Base Antioleosidade Com Cor 4.0 30ml Fluido,896896,48.99
896470,Kit Protetor Solar FPS 50 200ml + Protetor Solar Facial Toque Seco FPS 50 50g Cenoura & Bronze,896470,67.39
896233,Creme Dental Original Mint Colgate Total Prevenção Ativa Caixa 50g,896233,6.99
896195,Creme Dental Original Mint Colgate Total Prevenção Ativa 90g,896195,38.19
896152,Kit Protetor Solar Isdin Fusion Water FPS60 50ml + Água Micellar 400ml,896152,124.8
895970,Kit Protetor Solar FPS 70 Nivea Sun Protect & Hidrata 200ml + Protetor Solar Facial Toque Seco Antissinais FPS 70 40ml,895970,59.9
895962,Pack Protetor Solar Aerossol FPS 30 Cenoura & Bronze Caixa 2 Unidades 200ml Cada,895962,79.98
